{
    "accuracy": 0.9771854529026429,
    "precision": 0.987438313144908,
    "recall": 0.9678979771328057,
    "f1_score": 0.9775705085498556
}